game_id,title,platform,franchise,publisher,release_date,first_played,last_played,metacritic_score,multiplayer_style,controller_style,store,old_giantbomb_id,giantbomb_img_url,giantbomb_id
2,Psychonauts,PC,Psychonauts,Majesco Entertainment,2005-04-19,2017-09-29,2017-09-29,88,N/A,Controller,Microsoft (GamePass),2906,https://www.giantbomb.com/a/uploads/scale_small/8/87790/1841447-box_pnauts.png,1339
3,Soundboxing,Oculus Rift,N/A,Maxint LLC,2016-09-29,2017-09-30,2018-01-27,0,N/A,Oculus Touch,Steam,60683,https://www.giantbomb.com/a/uploads/scale_small/35/357188/2955863-header.jpg,31625
4,"Star Wars: Battlefront 2 (Classic, 2005)",PC,Star Wars,"Aspyr Media, Inc.",2024-03-14,2017-10-02,2017-10-02,83,Co-op,Controller,Steam,90532,https://www.giantbomb.com/a/uploads/scale_small/33/338034/3549722-8180969234-1x1_N.jpg,142
5,Legend of Zelda: Breath of the Wild,Nintendo Switch,Legend of Zelda,Nintendo,2017-03-03,2017-10-03,2019-03-07,97,N/A,Controller,Nintendo (Physical),41355,https://www.giantbomb.com/a/uploads/scale_small/20/201266/3540553-2920687-thelegendofzelda-breathofthewildv8.jpg,7346
6,Cuphead,PC,N/A,Studio MDHR,2017-09-29,2017-10-03,2017-10-24,86,Co-op,Controller,Microsoft (GamePass),44945,https://www.giantbomb.com/a/uploads/scale_small/8/87790/2952215-box_cuphead.png,9061
7,VR The Diner Duo,Oculus Rift,N/A,Whirlybird Games,2016-11-01,2017-10-07,2017-12-09,0,Co-op,Oculus Touch,Oculus,58103,https://www.giantbomb.com/a/uploads/scale_small/11/110673/3026329-gb_default-16_9.jpg,25118
8,Fortnite,PC,N/A,Epic Games,2017-07-25,2017-10-08,2017-10-08,78,PVP,Controller,Epic Games,37030,https://www.giantbomb.com/a/uploads/scale_small/8/87790/2952214-box_fn.png,231090
10,Project CARS,Oculus Rift,N/A,Slightly Mad Studios,2015-05-06,2017-10-19,2017-10-19,83,PVP,Controller,Steam,36993,https://www.giantbomb.com/a/uploads/scale_small/8/82063/2652860-pcars.jpg,5319
11,Cities: Skylines,PC,Cities,Paradox Interactive AB,2015-03-10,2017-10-22,2017-11-25,85,N/A,Keyboard & Mouse,Steam,47402,https://www.giantbomb.com/a/uploads/scale_small/17/171291/2670675-temp-packshot-v2.jpg,9066
12,Super Mario World,Retro Pi,Mario,Nintendo,1990-11-21,2017-11-07,2017-11-13,92,N/A,Controller,Nintendo (Digital),1334,https://www.giantbomb.com/a/uploads/scale_small/1/12541/3312460-sq_snes_supermarioworld.jpg,1070
13,Super Mario: Odyssey,Nintendo Switch,Mario,Nintendo,2017-10-27,2017-11-08,2017-12-02,97,N/A,Controller,Nintendo (Physical),56733,https://www.giantbomb.com/a/uploads/scale_small/20/201266/3567514-5010990638-co1mx.png,26758
14,The Thrill of the Fight,Oculus Rift,N/A,Sealost Interactive LLC,2016-07-01,2017-11-10,2017-11-10,0,N/A,Oculus Touch,Steam,62250,https://www.giantbomb.com/a/uploads/scale_small/36/363597/2970665-6479445317-capsu.jpg,174558
15,Lone Echo,Oculus Rift,Lone Echo,Oculus Studios,2017-07-20,2017-11-11,2017-11-17,89,N/A,Oculus Touch,Oculus,58724,https://www.giantbomb.com/a/uploads/scale_small/0/4647/2950198-lone_echo.jpg,24917
16,Hollow Knight,PC,Hollow Knight,Team Cherry,2017-02-24,2017-11-23,2017-12-09,90,N/A,Controller,Steam,48412,https://www.giantbomb.com/a/uploads/scale_small/24/240391/3355540-co1rgi.jpg,14593
17,Echo Arena,Oculus Rift,Lone Echo,Oculus Studios,2017-07-20,2017-11-25,2018-01-05,89,PVP,Oculus Touch,Oculus,60241,https://www.giantbomb.com/a/uploads/scale_small/34/346035/2950089-echo_arena_store_cover_art_landscape_2560x1440.jpg,141378
18,"Cook, Serve, Delicious! 2!!",PC,"Cook, Serve, Delicious!",Vertigo Gaming Inc.,2017-09-13,2017-11-25,2018-01-28,62,N/A,Controller,Steam,50254,https://www.giantbomb.com/a/uploads/scale_small/8/87790/3089170-box_csd2.png,23236
19,Oculus Home,Oculus Rift,N/A,Oculus Studios,2016-12-06,2017-12-08,2017-12-08,0,N/A,Oculus Touch,Oculus,57360,https://www.giantbomb.com/a/uploads/scale_small/10/103881/2906033-om.png,
20,Robo Recall,Oculus Rift,N/A,Epic Games,2017-03-01,2017-12-09,2017-12-09,85,N/A,Oculus Touch,Oculus,58673,https://www.giantbomb.com/a/uploads/scale_small/1/13157/2936834-2225770912-maxre.jpg,26451
21,The Flame in the Flood,PC,N/A,Limited Run Games,2016-02-24,2017-12-11,2017-12-11,73,N/A,Controller,Steam,48148,https://www.giantbomb.com/a/uploads/scale_small/8/87790/2994816-box_tfitf.png,9732
22,Fallout: New Vegas,PC,Fallout,Bethesda Softworks,2010-10-19,2017-12-19,2017-12-23,84,N/A,Keyboard & Mouse,Steam,25933,https://www.giantbomb.com/a/uploads/scale_small/20/201266/3572176-3108026057-EGS_FalloutNewVegas_ObsidianEntertainment_S2_1200x1600-866fe8b8f56e2e7bb862c49bf0627b9a.jpg,16
23,Gorogoa,PC,N/A,Annapurna Interactive,2017-12-14,2017-12-19,2017-12-22,84,N/A,Keyboard & Mouse,Steam,41173,https://www.giantbomb.com/a/uploads/scale_small/8/87790/3023798-box_goro.png,9136
24,Life is Strange: Before the Storm,PC,Life is Strange,Square Enix,2017-08-31,2017-12-26,2018-01-01,77,N/A,Controller,Steam,59903,https://www.giantbomb.com/a/uploads/scale_small/0/1992/2945312-screen%20shot%202017-06-11%20at%208.09.07%20pm.png,29004
25,"Warhammer 40,000: Space Marine",PC,Warhammer,THQ,2011-09-06,2017-12-27,2017-12-30,76,N/A,Controller,Steam,23708,https://www.giantbomb.com/a/uploads/scale_small/8/87790/3140534-box_sm.png,578
26,Drunkn Bar Fight,Oculus Rift,N/A,The Munky,2018-02-13,2017-12-27,2017-12-29,0,N/A,Oculus Touch,Steam,63570,https://www.giantbomb.com/a/uploads/scale_small/29/292602/2983272-7281166308-heade.jpg,31302
27,Dead Hungry,Oculus Rift,N/A,Q-Games,2016-12-06,2017-12-27,2017-12-27,0,N/A,Oculus Touch,Oculus,60200,https://www.giantbomb.com/a/uploads/scale_small/35/355054/2949546-deadhungry_cover-1.jpg,8442
28,Rec Room,Oculus Rift,N/A,Against Gravity,2016-06-01,2017-12-28,2018-06-16,0,PVP,Oculus Touch,Oculus,54721,https://www.giantbomb.com/a/uploads/scale_small/0/9536/2885410-8174793569-21074.png,32617
29,Overcooked,Xbox,Overcooked,Team17 Software Limited,2016-08-03,2018-01-02,2024-07-20,84,Co-op,Controller,Not Mine,53284,https://www.giantbomb.com/a/uploads/scale_small/8/87790/2994870-box_oc.png,18433
30,Unspoken,Oculus Rift,N/A,Oculus Studios,2016-12-06,2018-01-05,2018-01-05,0,PVP,Oculus Touch,Oculus,54320,https://www.giantbomb.com/a/uploads/scale_small/11/110673/3026329-gb_default-16_9.jpg,288515
31,Hatoful Boyfriend,PC,N/A,PigeoNation Inc.,2011-07-31,2018-01-17,2018-01-23,68,N/A,Keyboard & Mouse,Steam,37243,https://www.giantbomb.com/a/uploads/scale_small/8/87790/3107402-box_hb.png,8874
32,VRChat,Oculus Rift,N/A,VRChat Inc.,2017-02-01,2018-01-27,2018-01-27,0,N/A,Oculus Touch,Steam,61444,https://www.giantbomb.com/a/uploads/scale_small/36/360881/2964752-header.jpg,33615
33,Pillars of Eternity,PC,Pillars of Eternity,Paradox Interactive AB,2015-03-26,2018-03-01,2018-03-15,89,N/A,Keyboard & Mouse,Epic Games,39775,https://www.giantbomb.com/a/uploads/scale_small/8/87790/3009375-box_poe.png,1593
34,Sprint Vector,Oculus Rift,N/A,Survios,2018-02-13,2018-03-04,2018-03-10,84,PVP,Oculus Touch,Oculus,61680,https://www.giantbomb.com/a/uploads/scale_small/0/1992/2966327-sprint-vector.jpg,27506
35,Subnautica,Oculus Rift,Subnautica,Unknown Worlds,2018-01-23,2018-03-10,2018-04-14,87,N/A,Controller,Epic Games,46006,https://www.giantbomb.com/a/uploads/scale_small/20/201266/3536208-f5ebad930a2f6eb715579a056807033f.jpg,9254
36,A Way Out,PS4,N/A,Electronic Arts,2018-03-23,2018-03-23,2018-04-07,78,Co-op,Controller,Steam,59870,https://www.giantbomb.com/a/uploads/scale_small/8/87790/3005680-box_awo.png,36897
37,Zelda: Link to the Past,Retro Pi,Legend of Zelda,Nintendo,1991-11-21,2018-03-25,2018-03-30,95,N/A,Controller,Nintendo (Digital),10276,https://www.giantbomb.com/a/uploads/scale_small/8/82063/2831954-legend_of_zelda_3_-_snes_-_album_art.jpg,1026
1,Stardew Valley,PC,N/A,Chucklefish Games,2016-02-26,2017-09-20,2025-12-14,89,Co-op,Keyboard & Mouse,Steam,50899,https://www.giantbomb.com/a/uploads/scale_small/8/87790/3019631-box_sv.png,17000
38,The Jackbox Party Pack 3,Xbox,Jackbox,Jackbox Games,2016-10-17,2018-04-01,2018-04-01,81,PVP,Phone,Not Mine,54322,https://www.giantbomb.com/a/uploads/scale_small/8/87790/2992614-box_jpp3.png,19082
39,Sea of Thieves,PC,N/A,Xbox Game Studios,2018-03-20,2018-04-02,2021-09-18,69,Co-op,Controller,Microsoft (GamePass),49966,https://www.giantbomb.com/a/uploads/scale_small/8/87790/2958569-box_sot.png,11137
40,Dead Cells,PC,N/A,Motion Twin,2017-05-10,2018-04-14,2020-08-10,89,N/A,Controller,Steam,58490,https://www.giantbomb.com/a/uploads/scale_small/8/87790/3035341-box_dc.png,26855
41,Super Luckeys Tale,PC,N/A,Xbox Game Studios,2017-11-07,2018-04-19,2018-04-22,61,N/A,Controller,Oculus,59901,https://www.giantbomb.com/a/uploads/scale_small/8/87790/2949239-box_slt.png,
42,SOMA,PC,N/A,Frictional Games,2015-09-22,2018-04-21,2018-04-30,84,N/A,Controller,Steam,44072,https://www.giantbomb.com/a/uploads/scale_small/8/89441/2770337-11828592_1002747999769767_1419826424428422606_n.jpg,9727
43,Wipeout: Omega Collection,PS4,Wipeout,Sony Interactive Entertainment America,2017-06-06,2018-04-29,2018-05-06,85,N/A,Controller,Not Mine,57212,https://www.giantbomb.com/a/uploads/scale_small/0/3699/2944405-wipeout%20-%20omega%20collection%20v4.jpg,26195
44,Beat Saber,Oculus Rift,N/A,Beat Games,2018-05-01,2018-05-03,2021-07-31,86,N/A,Oculus Touch,Oculus,65652,https://www.giantbomb.com/a/uploads/scale_small/29/292602/2994372-3242051476-BeatS.jpg,83731
45,Sunset Overdrive,Xbox,N/A,Xbox Game Studios,2014-10-28,2018-05-09,2018-05-17,81,N/A,Controller,Microsoft (GamePass),42898,https://www.giantbomb.com/a/uploads/scale_small/18/187968/2631498-3224852370-Sunse.jpg,3247
46,The Escapists 2,PS4,The Escapists,Team17 Software Limited,2017-08-21,2018-05-11,2018-05-11,75,N/A,Keyboard & Mouse,Microsoft (GamePass),58597,https://www.giantbomb.com/a/uploads/scale_small/8/87790/2958576-box_te2.png,25653
47,Star Wars Episode I: Racer,PC,Star Wars,LucasArts Entertainment Company LLC,1999-04-30,2018-05-13,2018-05-20,70,N/A,Controller,Microsoft (GamePass),13526,https://www.giantbomb.com/a/uploads/scale_small/8/87790/1787604-box_swe1r.png,154
48,State of Decay 2,PC,State of Decay,Xbox Game Studios,2018-05-18,2018-05-23,2020-10-18,66,Co-op,Controller,Microsoft (GamePass),54215,https://www.giantbomb.com/a/uploads/scale_small/45/459166/3208382-decay.jpg,19541
49,DCS World Steam Edition,PC,N/A,The Fighter Collection,2013-08-02,2018-06-02,2018-06-02,84,N/A,Keyboard & Mouse,Steam,43421,https://www.giantbomb.com/a/uploads/scale_small/10/103881/2524936-dcs%20world.jpg,
50,The Awesome Adventures of Captain Spirit,PC,N/A,Square Enix,2018-06-26,2018-06-29,2018-06-29,75,N/A,Controller,Microsoft (GamePass),68908,https://www.giantbomb.com/a/uploads/scale_small/8/87790/3027476-box_taaocs.png,103283
51,Ori and the Blind Forest: Definitive Edition,PC,Ori,Xbox Game Studios,2015-03-11,2018-07-01,2018-07-21,88,N/A,Controller,Microsoft (GamePass),46548,https://www.giantbomb.com/a/uploads/scale_small/20/201266/3542870-1741467546-co1y4.jpg,19456
52,The Turing Test,PC,N/A,Square Enix,2016-08-16,2018-07-21,2018-07-23,74,N/A,Keyboard & Mouse,Microsoft (GamePass),52970,https://www.giantbomb.com/a/uploads/scale_small/8/87790/2967845-box_ttt.png,18311
53,Onward,Oculus Rift,N/A,,2016-08-29,2018-07-22,2018-07-22,0,N/A,Oculus Touch,Steam,55368,https://www.giantbomb.com/a/uploads/scale_small/32/326846/2881400-8295686548-heade.jpg,27575
54,Enter the Gungeon,PC,N/A,Devolver Digital,2016-04-05,2018-07-24,2018-07-25,82,N/A,Controller,Steam,48332,https://www.giantbomb.com/a/uploads/scale_small/8/87790/2948220-box_etg.png,11182
55,No Mans Sky,PC,N/A,Hello Games,2016-08-09,2018-07-25,2021-09-12,71,N/A,Controller,Steam,44656,https://www.giantbomb.com/a/uploads/scale_small/20/201266/3534916-2927125-noman%27ssky.jpg,3225
56,Spelunky,Vita,Spelunky,"Mossmouth, LLC",2009-09-01,2018-07-27,2018-08-21,87,Co-op,Controller,Playstation (Digital),24999,https://www.giantbomb.com/a/uploads/scale_small/9/93770/2288493-spelunky.png,3029
58,Fifa 18,Nintendo Switch,FIFA,EA Games,2017-09-29,2018-08-11,2018-08-11,81,N/A,Controller,Playstation (Digital),58179,https://www.giantbomb.com/a/uploads/scale_small/22/223404/2943957-2395948585-10498.jpg,240452
59,Hellblade: Senuas Sacrifice VR Edition,Oculus Rift,Hellblade,Ninja Theory,2017-08-08,2018-08-12,2018-09-01,87,N/A,Controller,Microsoft (GamePass),47363,https://www.giantbomb.com/a/uploads/scale_small/8/87790/3016169-box_hbss.png,106107
60,Battlefront 2,Xbox,Star Wars,Electronic Arts,2017-11-17,2018-08-27,2018-09-03,68,PVP,Controller,Not Mine,53692,https://www.giantbomb.com/a/uploads/scale_small/0/1992/2932265-wario64_2017-apr-15.jpg,26401
61,Duck Game,PS4,N/A,Adult Swim Games,2014-05-13,2018-08-30,2018-09-21,83,PVP,Controller,Steam,45746,https://www.giantbomb.com/a/uploads/scale_small/0/1992/3113086-image.jpeg,11247
62,Tricky Towers,PS4,N/A,WeirdBeard,2016-08-02,2018-08-30,2022-09-17,72,PVP,Controller,Playstation (Digital),51691,https://www.giantbomb.com/a/uploads/scale_small/20/201266/3487245-1151152271-49297.jpg,21623
63,Into the Breach,Nintendo Switch,N/A,Subset Games,2018-02-27,2018-09-09,2019-07-27,90,N/A,Handheld,Nintendo (Digital),58234,https://www.giantbomb.com/a/uploads/scale_small/8/87790/3107396-box_itb.png,27117
64,Lego Star Wars,Xbox,Star Wars,LucasArts Entertainment Company LLC,2011-03-22,2018-09-09,2018-10-14,80,Co-op,Controller,Not Mine,29992,https://www.giantbomb.com/a/uploads/scale_small/8/87790/1676369-box_legosw3.png,285677
65,Marvels Spiderman,PS4,Spiderman,Sony Interactive Entertainment America,2018-09-07,2018-09-20,2018-09-20,87,N/A,Controller,Not Mine,54233,https://www.giantbomb.com/a/uploads/scale_small/20/201266/3533935-5172064416-co1r7.png,19565
66,Forza Horizon 4,PC,Forza,Xbox Game Studios,2018-09-28,2018-10-03,2018-12-15,92,PVP,Controller,Microsoft (GamePass),68909,https://www.giantbomb.com/a/uploads/scale_small/8/87790/3027867-box_fh4.png,82090
67,Super Mario Party,Nintendo Switch,Mario,Nintendo,2018-10-05,2018-10-12,2022-03-05,76,PVP,Controller,Not Mine,68947,https://www.giantbomb.com/a/uploads/scale_small/20/201266/3594597-1451310576-co1mx.jpg,103339
68,Mario Kart 64,Nintendo 64,Mario,Nintendo,1996-12-14,2018-10-12,2018-10-12,83,PVP,Controller,Nintendo (Digital),10084,https://www.giantbomb.com/a/uploads/scale_small/1/12541/3258179-sq_n64_mariokart64.jpg,2342
69,Mario Party,Nintendo 64,Mario,Nintendo,1998-12-18,2018-10-12,2018-10-12,79,PVP,Controller,Nintendo (Digital),6424,https://www.giantbomb.com/a/uploads/scale_small/8/87790/2129485-box_mparty.png,2327
70,Go Guess,Oculus Rift,N/A,Oblix LLC,2004-01-01,2018-10-21,2018-10-21,0,PVP,Oculus Touch,Steam,15169,https://www.giantbomb.com/a/uploads/scale_small/11/110673/3026329-gb_default-16_9.jpg,89981
71,Manual Samuel,Xbox,N/A,Curve Games,2016-10-14,2018-10-22,2018-12-28,66,Co-op,Controller,Not Mine,53373,https://www.giantbomb.com/a/uploads/scale_small/8/87790/2986563-box_ms.png,18688
72,Ryse: Son of Rome,PC,N/A,Xbox Game Studios,2013-11-22,2018-11-03,2018-11-18,60,N/A,Controller,Microsoft (GamePass),31709,https://www.giantbomb.com/a/uploads/scale_small/8/87790/2575471-box_rysesor.png,3812
73,Spyro: Reignited Trilogy,Nintendo Switch,Spyro,Activision,2018-11-13,2018-11-14,2021-08-22,82,N/A,Controller,Nintendo (Physical),67871,https://www.giantbomb.com/a/uploads/scale_small/8/87790/3039834-box_srt.png,87683
74,Dance Central: Spotlight,Xbox,Dance Central,Xbox Game Studios,2014-09-01,2018-11-14,2018-11-14,74,PVP,Kinect,Not Mine,46555,https://www.giantbomb.com/a/uploads/scale_small/0/3699/2677593-dance%20central%20-%20spotlight.jpg,19901
75,"Pokemon: Lets Go, Eevee!",Nintendo Switch,Pokemon,The Pokémon Company,2018-11-16,2018-11-17,2019-03-14,80,N/A,Handheld,Nintendo (Physical),68738,https://www.giantbomb.com/a/uploads/scale_small/20/201266/3513339-7951408666-hero_.jpg,102873
76,Lego Rock Band,Xbox,N/A,WB Games,2009-11-03,2018-11-17,2018-11-17,71,Co-op,Rockband Controllers,Not Mine,25765,https://www.giantbomb.com/a/uploads/scale_small/0/8603/1145250-lego_rock_band.jpg,2695
77,Anthem,Xbox,N/A,Electronic Arts,2019-02-15,2018-12-09,2018-12-09,59,N/A,Controller,Not Mine,46632,https://www.giantbomb.com/a/uploads/scale_small/0/3699/3027282-anthem%20v1.jpg,36950
78,Minecraft,PC,Minecraft,Mojang AB,2009-05-17,2018-12-13,2022-02-13,93,Co-op,Keyboard & Mouse,Microsoft (Digital),30475,https://www.giantbomb.com/a/uploads/scale_small/8/87790/3020660-box_mc.png,135400
79,Super Smash Bros. Ultimate,Nintendo Switch,Super Smash Bros.,Nintendo,2018-12-07,2018-12-28,2022-03-11,93,PVP,Controller,Not Mine,66900,https://www.giantbomb.com/a/uploads/scale_small/20/201266/3515903-1095697296-hero_.jpg,90101
80,Purrfect Date,PC,N/A,Bossa Studios,2017-12-15,2019-01-01,2019-01-01,72,N/A,Keyboard & Mouse,Steam,60412,https://www.giantbomb.com/a/uploads/scale_small/35/356134/2952343-purrfect_date_splash.2.large.jpg,54634
81,Steamworld Dig 2,Nintendo Switch,Steamworld,Image & Form,2017-09-21,2019-01-25,2019-02-09,88,N/A,Controller,Microsoft (GamePass),58593,https://www.giantbomb.com/a/uploads/scale_small/8/87790/3065262-box_sd2.png,27433
83,Tetris 99,Nintendo Switch,Tetris,Nintendo,2019-02-13,2019-02-14,2019-02-17,83,PVP,Controller,Nintendo (Digital),72146,https://www.giantbomb.com/a/uploads/scale_small/8/87790/3080807-box_t99.png,115282
84,Wargroove,Nintendo Switch,Wargroove,Chucklefish Games,2019-02-01,2019-06-16,2019-07-16,84,N/A,Handheld,Nintendo (Digital),58596,https://www.giantbomb.com/a/uploads/scale_small/8/87790/3077918-box_wg.png,27441
85,Slay the Spire,PC,Slay the Spire,Mega Crit,2017-11-15,2019-07-10,2019-10-14,89,N/A,Keyboard & Mouse,GOG,59383,https://www.giantbomb.com/a/uploads/scale_small/8/87790/3103069-box_sts.png,40477
86,Tetris Effect,PC,Tetris,Enhance,2018-11-09,2019-07-26,2021-08-21,89,N/A,Controller,Steam,68836,https://www.giantbomb.com/a/uploads/scale_small/20/201266/3511137-4184903869-co2kf.jpg,103221
87,Oxenfree,PC,N/A,Night School Studio,2016-01-15,2019-10-11,2019-10-17,80,N/A,Controller,Microsoft (GamePass),52278,https://www.giantbomb.com/a/uploads/scale_small/8/87790/2960764-box_oxenfree.png,14587
88,Hyper Light Drifter,PC,N/A,Heart Machine,2016-03-31,2019-10-19,2019-10-20,84,N/A,Controller,Steam,43940,https://www.giantbomb.com/a/uploads/scale_small/9/97089/2839123-tumblr_o2pgvtjivz1slr6aoo1_540.jpg,9806
89,The Outer Worlds,PC,N/A,Private Division,2019-10-25,2019-10-25,2019-11-05,85,N/A,Controller,Microsoft (GamePass),71299,https://www.giantbomb.com/a/uploads/scale_small/8/87790/3106947-box_tow.png,113114
90,Star Wars Jedi: Fallen Order,PC,Star Wars,Electronic Arts,2019-11-15,2019-11-15,2019-12-29,79,N/A,Controller,Steam,66000,https://www.giantbomb.com/a/uploads/scale_small/20/201266/3535064-e44db3b4fa32.jpg,74701
91,Sekiro: Shadows Die Twice,PC,N/A,Activision,2019-03-22,2019-12-30,2020-01-26,90,N/A,Controller,Steam,68907,https://www.giantbomb.com/a/uploads/scale_small/8/87790/3046323-box_ssdt.png,76882
92,Outer Wilds,PC,N/A,Annapurna Interactive,2019-05-29,2020-01-27,2020-02-09,85,N/A,Controller,Steam,49344,https://www.giantbomb.com/a/uploads/scale_small/20/201266/3619008-4140724473-OW_Epic_PortraitStorefront_1200x1600-99dad6c305834ce163cabb944d909304.jpg,11737
93,Farming Simulator 19,PC,Farming Simulator,GIANTS Software GmbH,2018-11-20,2020-02-01,2020-02-01,73,N/A,Keyboard & Mouse,Microsoft (GamePass),67074,https://www.giantbomb.com/a/uploads/scale_small/8/87790/3052095-box_fs19.png,87210
94,Abzu,PC,N/A,505 Games,2016-08-02,2020-02-10,2020-02-15,78,N/A,Controller,Microsoft (GamePass),46573,https://www.giantbomb.com/a/uploads/scale_small/8/87790/2986569-box_abzu.png,7352
95,What Remains of Edith Finch,PC,N/A,Sony Interactive Entertainment America,2017-04-25,2020-02-15,2020-02-15,88,N/A,Controller,Steam,48329,https://www.giantbomb.com/a/uploads/scale_small/20/201266/3537382-3480696610-co1rb.jpg,11233
96,Kentucky Route Zero,PC,N/A,Cardboard Computer,2013-02-22,2020-02-19,2020-02-22,81,N/A,Keyboard & Mouse,Microsoft (GamePass),41082,https://www.giantbomb.com/a/uploads/scale_small/8/81005/2409605-.png,5614
97,Steep,PC,N/A,Ubisoft Entertainment,2016-12-01,2020-02-22,2020-02-22,71,PVP,Controller,Microsoft (GamePass),54225,https://www.giantbomb.com/a/uploads/scale_small/0/3699/2903754-steep%20v3.jpg,19554
98,Pokemon Shield,Nintendo Switch,Pokemon,Nintendo,2019-11-15,2020-02-22,2020-03-27,80,N/A,Handheld,Nintendo (Physical),59938,https://www.giantbomb.com/a/uploads/scale_small/20/201266/3513338-8885480530-hero_.jpg,115653
99,Animal Crossing: New Horizons,Nintendo Switch,Animal Crossing,Nintendo,2020-03-20,2020-03-26,2020-07-23,87,N/A,Handheld,Nintendo (Physical),70241,https://www.giantbomb.com/a/uploads/scale_small/8/82063/3179211-acnhart.jpg,109462
100,Call of Duty: Warzone,PC,Call of Duty,Activision,2017-11-13,2020-03-28,2020-05-17,79,PVP,Keyboard & Mouse,??????,77550,https://www.giantbomb.com/a/uploads/scale_small/25/250401/3173169-6160596313-ESrowJNVAAkU1qV,131800
101,Two Point Hospital,PC,N/A,Sega,2018-04-30,2020-03-29,2020-04-04,83,N/A,Keyboard & Mouse,Microsoft (GamePass),65427,https://www.giantbomb.com/a/uploads/scale_small/8/87790/3150720-box_tph.png,82117
102,Ori: The Will of the Wisps,PC,Ori,Xbox Game Studios,2020-03-11,2020-04-09,2020-04-19,89,N/A,Controller,Microsoft (GamePass),59902,https://www.giantbomb.com/a/uploads/scale_small/20/201266/3542871-0796355797-co2e1.png,37001
103,Crash Team Racing Nitro-Fueled,PS4,Crash Bandicoot,Activision,2019-06-21,2020-04-21,2020-04-23,88,PVP,Controller,Not Mine,71298,https://www.giantbomb.com/a/uploads/scale_small/8/87790/3110188-box_ctrnf.png,113113
104,Astroneer,PC,N/A,System Era Softworks,2016-12-16,2020-04-29,2020-06-26,71,Co-op,Controller,Microsoft (GamePass),53060,https://www.giantbomb.com/a/uploads/scale_small/8/87790/3079803-box_an.png,13205
106,Rocket League,PC,N/A,Psyonix Studios,2015-07-07,2020-05-29,2024-10-27,86,PVP,Controller,Steam,34407,https://www.giantbomb.com/a/uploads/scale_small/8/87790/2949245-box_rleague.png,11198
107,The Last of Us: Part II,PS4,The Last of Us,Sony Interactive Entertainment America,2020-06-19,2020-06-20,2024-12-16,94,N/A,Controller,Playstation (Physical),57216,https://www.giantbomb.com/a/uploads/scale_small/20/201266/3541054-8609480099-co5zi.png,26192
108,Dying Light,PC,Dying Light,WB Games,2015-01-27,2020-07-10,2020-09-27,75,Co-op,Keyboard & Mouse,Steam,42712,https://www.giantbomb.com/a/uploads/scale_small/9/93770/2496414-dying-light-2013523175751_8.jpg,3042
109,Endless Space 2,PC,Endless Space,Amplitude Studios,2017-05-19,2020-07-11,2020-07-12,77,N/A,Controller,Microsoft (GamePass),52924,https://www.giantbomb.com/a/uploads/scale_small/8/81005/2849137-7165554289-capsu.jpg,11550
110,Football Manager 2020,PC,Football Manager,Sega,2019-11-18,2020-07-17,2020-07-18,84,N/A,Keyboard & Mouse,Microsoft (GamePass),75680,https://www.giantbomb.com/a/uploads/scale_small/43/434537/3133986-fm2020.jpg,122080
111,Tacoma,PC,N/A,Fullbright,2017-08-02,2020-07-25,2020-07-25,76,N/A,Keyboard & Mouse,Microsoft (GamePass),48325,https://www.giantbomb.com/a/uploads/scale_small/8/87790/2954337-box_tacoma.png,8259
82,FIFA 19,PS4,FIFA,Electronic Arts,2018-09-28,2019-02-02,2026-03-27,83,Co-op,Controller,Playstation (PS Plus),68608,https://www.giantbomb.com/a/uploads/scale_small/8/87790/3039835-box_fifa19.png,240453
112,Carrion,PC,N/A,Devolver Digital,2020-07-23,2020-07-31,2020-07-31,76,N/A,Controller,Microsoft (GamePass),73781,https://www.giantbomb.com/a/uploads/scale_small/33/338034/3253388-7904257456-libra.jpg,90055
113,Minit,PC,N/A,Devolver Digital,2018-04-03,2020-08-07,2020-08-07,79,N/A,Controller,Microsoft (GamePass),58197,https://www.giantbomb.com/a/uploads/scale_small/8/87790/3017062-box_minit.png,26970
114,Guacamelee 2,PC,Guacamelee,DrinkBox Studios,2018-08-21,2020-08-08,2020-08-08,84,N/A,Controller,Microsoft (GamePass),62378,https://www.giantbomb.com/a/uploads/scale_small/8/87790/3074147-box_gm2.png,75234
115,Totally Accurate Battle Simulator,PC,N/A,Landfall Games,2019-04-01,2020-08-08,2020-08-09,77,N/A,Keyboard & Mouse,Steam,61156,https://www.giantbomb.com/a/uploads/scale_small/0/1992/3370564-8669896315-EGS_T.jpg,21642
116,Fall Guys,PC,N/A,Devolver Digital,2020-08-04,2020-08-14,2020-08-23,81,Co-op,Controller,Steam,73776,https://www.giantbomb.com/a/uploads/scale_small/20/201266/3536967-3719316109-EGS_FallGuys_Mediatonic_S2_1200x1600-6ea0c038d654d7b6dc06bf86a1522f21.jpg,119313
117,Spiritfarer,PC,N/A,Thunder Lotus Games ,2020-08-18,2020-08-19,2020-09-26,84,N/A,Controller,Microsoft (GamePass),73764,https://www.giantbomb.com/a/uploads/scale_small/45/459166/3236721-spirit.jpg,119304
118,Microsoft Flight Simulator,PC,N/A,Xbox Game Studios,2020-08-18,2020-08-21,2020-08-21,91,N/A,Keyboard & Mouse,Microsoft (GamePass),73765,https://www.giantbomb.com/a/uploads/scale_small/45/459166/3236038-micro.jpg,119295
119,Tell Me Why,PC,N/A,Xbox Game Studios,2020-08-27,2020-08-30,2020-09-12,78,N/A,Controller,Microsoft (GamePass),75996,https://www.giantbomb.com/a/uploads/scale_small/16/164924/3225581-5416199255-TellM.jpg,125628
120,Crusader Kings 3,PC,Crusader Kings,Paradox Interactive AB,2020-09-01,2020-09-05,2020-09-06,91,N/A,Keyboard & Mouse,Steam,75742,https://www.giantbomb.com/a/uploads/scale_small/45/459166/3240808-crusade.jpg,124954
121,Among Us,PC,N/A,Innersloth,2018-06-16,2020-09-11,2020-10-02,85,PVP,Keyboard & Mouse,Steam,70938,https://www.giantbomb.com/a/uploads/scale_small/20/201266/3594132-7198590874-amogusportrait_1200x1600-66ad0e4d363e1c92f9f8aae67a96dd31.jpg,111469
122,Smash Tennis,Nintendo Switch,N/A,Namco,1993-06-25,2020-09-19,2020-09-19,0,PVP,Controller,Nintendo (Digital),23133,https://www.giantbomb.com/a/uploads/scale_small/9/93770/2364863-snes_smashtennis1_au.jpg,44106
123,Totally Reliable Delivery Service,Nintendo Switch,N/A,tinyBuild,2020-04-01,2020-09-19,2020-09-19,64,Co-op,Controller,Not Mine,73044,https://www.giantbomb.com/a/uploads/scale_small/8/87790/3177469-box_trds.png,114058
124,Golf with your Friends,PC,N/A,Team17 Software Limited,2020-05-19,2020-09-20,2020-10-23,68,PVP,Keyboard & Mouse,Steam,52572,https://www.giantbomb.com/a/uploads/scale_small/8/87790/3185025-box_gwyf.png,24985
125,Hades,Nintendo Switch,Hades,Supergiant Games,2020-09-17,2020-09-23,2021-02-09,93,N/A,Controller,Nintendo (Digital),71297,https://www.giantbomb.com/a/uploads/scale_small/20/201266/3532848-5240368293-co39v.png,113112
127,"Cook, Serve, Delicious 3",Nintendo Switch,"Cook, Serve, Delicious!",Vertigo Gaming Inc.,2020-01-29,2020-10-16,2020-10-17,79,N/A,Controller,Steam,74598,https://www.giantbomb.com/a/uploads/scale_small/0/2419/3119625-csd03_cover_final_v01_small.png,121500
128,Minecraft: Dungeons,PC,Minecraft,Xbox Game Studios,2020-05-26,2020-10-28,2020-10-28,70,Co-op,Controller,Not Mine,70421,https://www.giantbomb.com/a/uploads/scale_small/8/87790/3106697-box_md.png,110474
129,Star Wars: Squadrons,Oculus Rift,Star Wars,Electronic Arts,2020-10-02,2020-11-02,2020-11-09,79,N/A,Controller,Oculus,78973,https://www.giantbomb.com/a/uploads/scale_small/33/338034/3419631-1257923007-apps.51514.71371953440216666.508e0708-a814-4f11-8420-5f620fd8ce09.59f15fb1-fb46-4166-b1ec-e8bb8d2b3350.jpg,134706
130,Doom Eternal,PC,Doom,Bethesda Softworks,2020-03-20,2020-12-01,2021-01-04,88,N/A,Keyboard & Mouse,Steam,68917,https://www.giantbomb.com/a/uploads/scale_small/0/176/3163865-cover_art_of_doom_eternal.png,103298
131,Moss,Oculus Rift,Moss,Polyarc Games,2018-02-27,2020-12-12,2020-12-12,81,N/A,Oculus Touch,Oculus,59927,https://www.giantbomb.com/a/uploads/scale_small/16/165036/2980093-moss.png,37095
132,Half Life: Alyx,Oculus Rift,Half Life,Valve Corporation,2020-03-23,2020-12-27,2021-02-21,93,N/A,Oculus Touch,Steam,76068,https://www.giantbomb.com/a/uploads/scale_small/13/137364/3145045-alyx_coverart.jpg,126098
133,Umurangi Generation,PC,N/A,AGM Playism,2020-05-19,2021-01-04,2021-02-03,81,N/A,Keyboard & Mouse,Steam,78541,https://www.giantbomb.com/a/uploads/scale_small/8/89441/3197182-1590330337-catorrent-umurangi-generation-cover.jpg,131631
135,FIFA 21,PS4,FIFA,Electronic Arts,2020-10-09,2021-01-31,2021-01-31,74,Co-op,Controller,Playstation (PS Plus),79149,https://www.giantbomb.com/a/uploads/scale_small/46/462814/3237052-9712976806-NINTC.jpg,134101
136,Falconeer,PC,N/A,Wired Productions,2020-11-10,2021-02-06,2021-02-06,65,N/A,Controller,Microsoft (GamePass),76961,https://www.giantbomb.com/a/uploads/scale_small/20/201266/3532470-9565759274-EGS_TheFalconeer_TomasSala_S2_1200x1600-ca4e43b6dcf60e864b143751b1999319.jpg,12088
137,Donut County,PC,N/A,Annapurna Interactive,2018-08-28,2021-02-06,2021-03-07,75,N/A,Keyboard & Mouse,Microsoft (GamePass),47388,https://www.giantbomb.com/a/uploads/scale_small/8/87790/3070108-box_dc.jpg,55080
138,Monster Train,PC,N/A,Good Shepherd Entertainment,2020-05-21,2021-02-17,2021-02-23,86,N/A,Controller,Microsoft (GamePass),76957,https://www.giantbomb.com/a/uploads/scale_small/43/432084/3163734-mt_250x360.jpg,129483
139,Loop Hero,PC,N/A,Devolver Digital,2021-03-04,2021-03-08,2021-03-08,84,N/A,Controller,Steam,81738,https://www.giantbomb.com/a/uploads/scale_small/33/338034/3270884-2195942846-libra.jpg,141533
140,Super Animal Royale,PC,N/A,Pixile,2018-12-12,2021-05-08,2021-05-09,73,PVP,Keyboard & Mouse,Steam,70232,https://www.giantbomb.com/a/uploads/scale_small/0/1992/3050118-nq142rmw.jpg,109826
141,Celeste,PC,N/A,Extremely OK Games,2015-08-10,2021-05-22,2021-06-10,88,N/A,Controller,Epic Games,53678,https://www.giantbomb.com/a/uploads/scale_small/2/23093/2864338-celeste001.jpg,26226
142,It Takes Two,PC,N/A,Electronic Arts,2021-03-26,2021-06-07,2021-06-27,89,Co-op,Controller,Steam,79147,https://www.giantbomb.com/a/uploads/scale_small/20/201266/3655838-2077891619-EGS_ItTakesTwo_Hazelight_S2_1200x1600-5c82de2d2e21a841dd06ec27e082777e_1200x1600-5c82de2d2e21a841dd06ec27e082777e.jpg,135243
143,Super Metroid,Nintendo Switch,Metroid,Nintendo,1994-03-19,2021-06-08,2021-06-08,0,N/A,Controller,Nintendo (Digital),8292,https://www.giantbomb.com/a/uploads/scale_small/8/82063/2831953-ps_wiiuvc_supermetroid.jpg,1103
144,Slime Rancher,PC,Slime Rancher,Monomi Park,2017-08-01,2021-06-12,2021-06-15,81,N/A,Controller,Microsoft (GamePass),52163,https://www.giantbomb.com/a/uploads/scale_small/8/87790/2954338-box_sr.png,16287
145,Haven,PC,N/A,The Game Bakers,2020-12-03,2021-06-16,2021-06-17,73,N/A,Controller,Microsoft (GamePass),72225,https://www.giantbomb.com/a/uploads/scale_small/1/13157/3258568-5347305703-apps.3955.14474015592034459.e2e750cd-a461-4824-ad07-a9b8c0e9bdfb.18a25d5b-5bb8-43bf-95c1-07fdcf03ffc5.jpg,115427
146,Griftlands,PC,N/A,Klei Entertainment Inc.,2019-07-11,2021-07-16,2021-07-24,84,N/A,Controller,Steam,59913,https://www.giantbomb.com/a/uploads/scale_small/33/338034/3251361-7918429694-libra.jpg,37057
147,Ragnarock,Oculus Rift,N/A,WanadevStudio,2021-07-15,2021-07-31,2021-07-31,87,N/A,Oculus Touch,Oculus,83460,https://www.giantbomb.com/a/uploads/scale_small/10/103881/3305023-library_600x900_2x.jpg,139399
148,Descenders,PC,N/A,No More Robots,2019-05-07,2021-08-08,2021-08-08,77,N/A,Controller,Microsoft (GamePass),61964,https://www.giantbomb.com/a/uploads/scale_small/8/87790/3098962-box_desc.png,52200
149,Trigger Witch,PS4,N/A,eastasiasoft,2021-07-28,2021-08-13,2021-08-16,75,N/A,Controller,Playstation (Digital),82548,https://www.giantbomb.com/a/uploads/scale_small/33/338034/3301788-6078487608-apps.45554.13825948398025681.cd2ea4e8-cab7-4bea-b9a6-0ec9bdd45aa5.30d6733a-f972-4bd6-a891-074200da255d.jpg,119365
151,Psychonauts 2,PC,Psychonauts,Xbox Game Studios,2021-08-25,2021-08-27,2021-09-25,87,N/A,Controller,Microsoft (GamePass),52263,https://www.giantbomb.com/a/uploads/scale_small/33/338034/3288244-3139024457-libra.jpg,14741
152,Sable,PC,N/A,Raw Fury,2021-09-23,2021-09-30,2021-09-30,76,N/A,Controller,Microsoft (GamePass),68926,https://www.giantbomb.com/a/uploads/scale_small/20/201266/3525733-589d880a5208.jpg,79995
153,Risk of Rain,PC,Risk of Rain,Chucklefish Games,2013-11-08,2021-10-16,2021-10-16,77,Co-op,Controller,Steam,42529,https://www.giantbomb.com/a/uploads/scale_small/8/87790/3124946-box_ror.png,3173
154,Noita,PC,N/A,Nolla Games,2019-09-24,2021-10-18,2021-10-18,76,N/A,Keyboard & Mouse,Steam,68227,https://www.giantbomb.com/a/uploads/scale_small/3/33429/3016748-noita%20logo.png,52006
155,Forza Horizon 5,PC,Forza,Xbox Game Studios,2021-11-09,2021-11-09,2021-12-05,92,PVP,Controller,Microsoft (GamePass),82985,https://www.giantbomb.com/a/uploads/scale_small/0/1992/3326454-screenshot2021-11-07at6.45.30pm.png,141503
156,Halo Infinite,PC,Halo,Xbox Game Studios,2021-11-15,2021-11-22,2022-09-11,80,PVP,Keyboard & Mouse,Microsoft (GamePass),68906,https://www.giantbomb.com/a/uploads/scale_small/0/1992/3225194-edifgmywoaakax_.jpeg,103281
157,Samurai Gunn 2,PC,Samurai Gunn,"Double Fine Productions, Inc.",2021-07-20,2022-01-02,2022-04-25,0,PVP,Controller,Steam,70513,https://www.giantbomb.com/a/uploads/scale_small/33/338034/3285707-4164988312-libra.jpg,107293
158,Windjammers 2,PC,Windjammers,DotEmu,2022-01-20,2022-01-23,2022-02-17,78,PVP,Controller,Epic Games,69916,https://www.giantbomb.com/a/uploads/scale_small/33/338034/3298129-4171906236-libra.jpg,107203
159,Nobody Saves the World,PC,N/A,DrinkBox Studios,2022-01-18,2022-01-24,2022-02-10,79,N/A,Controller,Steam,82149,https://www.giantbomb.com/a/uploads/scale_small/20/201266/3533927-7479395712-co2wc.jpg,145089
160,The Artful Escape,PC,N/A,Annapurna Interactive,2021-09-09,2022-02-13,2022-02-22,80,N/A,Controller,Microsoft (GamePass),59900,https://www.giantbomb.com/a/uploads/scale_small/33/338034/3255599-5877164674-libra.jpg,25935
161,Pokemon: Legends Arceus,Nintendo Switch,Pokemon,Nintendo,2022-01-28,2022-02-27,2022-03-28,83,N/A,Controller,Nintendo (Physical),81915,https://www.giantbomb.com/a/uploads/scale_small/20/201266/3513333-5146925826-hero_.jpg,144054
162,Bloodborne,PS4,N/A,Sony Interactive Entertainment America,2015-03-24,2022-03-30,2022-04-25,92,N/A,Controller,Playstation (Digital),46569,https://www.giantbomb.com/a/uploads/scale_small/0/3699/2734931-bloodborne%20v5.jpg,7334
163,God of War,PS4,God of War,Sony Interactive Entertainment America,2018-04-20,2022-04-30,2022-05-29,94,N/A,Controller,Playstation (Physical),54229,https://www.giantbomb.com/a/uploads/scale_small/33/338034/3287019-3786480319-Z7hV9.png,19560
164,FIFA 22,PS4,FIFA,Electronic Arts,2021-10-01,2022-05-14,2024-11-07,73,Co-op,Controller,Playstation (PS Plus),83332,https://www.giantbomb.com/a/uploads/scale_small/20/201266/3536970-dc9d06c9e9ac.jpg,154986
165,Teenage Mutant Ninja Turtles,PC,Teenage Mutant Ninja Turtles,Raw Thrills,2017-11-01,2022-06-19,2022-06-21,85,Co-op,Controller,Microsoft (GamePass),62237,https://www.giantbomb.com/a/uploads/scale_small/8/87790/3297257-flyer_tmnt.jpg,76209
166,Dragons Crown,PS4,N/A,"Atlus U.S.A., Inc.",2013-07-25,2022-06-19,2022-07-14,80,Co-op,Controller,Playstation (Physical),35594,https://www.giantbomb.com/a/uploads/scale_small/9/97089/2514470-untitled.png,3002
167,House Flipper,PC,N/A,PlayWay,2018-05-17,2022-07-01,2022-07-03,67,N/A,Keyboard & Mouse,Microsoft (GamePass),60476,https://www.giantbomb.com/a/uploads/scale_small/10/103881/3021663-icon.jpg,27744
168,Crash Bandicoot 4: Its About Time,PS4,Crash Bandicoot,Activision,2020-10-02,2022-07-21,2022-07-25,85,N/A,Controller,Playstation (PS Plus),79157,https://www.giantbomb.com/a/uploads/scale_small/20/201266/3532452-5221391342-co2hp.jpg,135254
169,Crab Game,PC,N/A,Dani,2021-10-29,2022-07-22,2022-07-22,0,PVP,Keyboard & Mouse,Steam,84221,https://www.giantbomb.com/a/uploads/scale_small/33/338034/3325351-4858566499-libra.jpg,178351
170,Multiversus,PS4,N/A,WB Games,2022-08-15,2022-07-28,2022-07-28,80,PVP,Controller,Playstation (PS Plus),84193,https://www.giantbomb.com/a/uploads/scale_small/10/103881/3391957-library_600x900_2x.jpg,182278
171,Tony Hawks Pro Skater 1 & 2,PS4,Tony Hawk,Activision,2020-09-04,2022-08-06,2022-08-14,89,N/A,Controller,Playstation (PS Plus),78420,https://www.giantbomb.com/a/uploads/scale_small/20/201266/3537376-8340240263-EGS_T.jpg,133887
172,Ghost of Tsushima,PS4,Ghost of Tsushima,Sony Interactive Entertainment America,2020-07-17,2022-08-14,2022-10-01,83,N/A,Controller,Playstation (PS Plus),62379,https://www.giantbomb.com/a/uploads/scale_small/20/201266/3532834-2941433189-co2cr.png,75235
173,Chicory: A Colourful Tale,PS4,N/A,Finji,2021-06-10,2022-10-02,2022-10-04,90,N/A,Controller,Playstation (PS Plus),74748,https://www.giantbomb.com/a/uploads/scale_small/33/338034/3293075-9410390882-LfUgf.png,
174,God of War: Ragnarok,PS4,God of War,Sony Interactive Entertainment America,2022-11-09,2022-11-10,2022-12-21,94,N/A,Controller,Playstation (Physical),80643,https://www.giantbomb.com/a/uploads/scale_small/20/201266/3532837-0378849544-co5s5.png,112875
175,Rogue Legacy 2,PS4,Rogue Legacy,Cellar Door Games,2022-04-28,2022-11-28,2023-09-19,88,N/A,Controller,Playstation (PS Plus),77804,https://www.giantbomb.com/a/uploads/scale_small/8/87790/3367090-box_rl2.png,132058
176,Elden Ring,PS4,Elden Ring,Bandai Namco Entertainment,2022-02-25,2022-12-21,2024-07-06,96,Co-op,Controller,Playstation (Physical),73745,https://www.giantbomb.com/a/uploads/scale_small/20/201266/3532465-2909474649-co4jn.jpg,119133
177,Mushroom Wars 2,PC,Mushroom Wars,Zillion Whales,2017-10-06,2023-02-23,2023-02-24,72,PVP,Keyboard & Mouse,Steam,54789,https://www.giantbomb.com/a/uploads/scale_small/29/299335/2873146-mw2%20box%20art.jpg,19786
178,The Last of Us,PS4,The Last of Us,Sony Interactive Entertainment America,2013-06-14,2023-02-24,2023-03-17,95,N/A,Controller,Playstation (Physical),36989,https://www.giantbomb.com/a/uploads/scale_small/9/93770/2419553-397060_386577108098888_427807760_n.jpg,1009
179,The Last of Us: Left Behind,PS4,The Last of Us,Sony Interactive Entertainment America,2014-02-14,2023-03-18,2023-03-19,88,N/A,Controller,Playstation (Digital),50432,https://www.giantbomb.com/a/uploads/scale_small/1/10354/2768401-the_last_of_us__left_behind-2441589.jpg,11790
180,The Forgotten City,PS4,N/A,Dear Villagers,2021-07-28,2023-03-26,2023-04-10,85,N/A,Controller,Playstation (PS Plus),68971,https://www.giantbomb.com/a/uploads/scale_small/33/338034/3295986-9736451053-libra.jpg,103320
181,F1 22,PC,F1,Electronic Arts,2022-06-28,2023-04-03,2023-04-23,79,N/A,Controller,Playstation (PS Plus),85973,https://www.giantbomb.com/a/uploads/scale_small/0/1992/3408275-8388272262-libra.jpg,198200
182,Spiderheck,PC,N/A,tinyBuild,2022-09-22,2023-04-14,2023-04-25,0,N/A,Controller,Playstation (PS Plus),87509,https://www.giantbomb.com/a/uploads/scale_small/33/338034/3411941-5575619521-libra.jpg,137073
183,Valheim,PC,N/A,Coffee Stain Studios,2021-02-02,2023-04-15,2023-04-15,0,N/A,Controller,Steam,69132,https://www.giantbomb.com/a/uploads/scale_small/33/338034/3275092-6991461296-libra.jpg,104967
184,Legend of Zelda: Tears of the Kingdom,Nintendo Switch,Legend of Zelda,Nintendo,2023-05-12,2023-05-12,2023-08-22,96,N/A,Controller,Nintendo (Physical),73813,https://www.giantbomb.com/a/uploads/scale_small/20/201266/3540555-3575636093-co5vm.png,119388
185,Inscryption,PS4,N/A,Devolver Digital,2021-10-19,2023-09-25,2023-10-03,85,N/A,Controller,Playstation (PS Plus),82965,https://www.giantbomb.com/a/uploads/scale_small/33/338034/3296310-9799857891-libra.jpg,139090
186,Driver: San Fransisco,PS3,Driver,Ubisoft Entertainment,2011-09-06,2023-10-07,2023-10-07,80,N/A,Controller,Not Mine,31634,https://www.giantbomb.com/a/uploads/scale_small/8/87790/1885931-box_driversf.png,
187,Battlefield: 1943,PS3,Battlefield,Electronic Arts,2009-07-08,2023-10-07,2023-10-07,83,PVP,Controller,Not Mine,25262,https://www.giantbomb.com/a/uploads/scale_small/0/30/1069812-sony.jpg,351
188,Ratchet: Gladiator,PS3,Ratchet & Clank,Sony Interactive Entertainment Europe,2005-10-25,2023-10-07,2023-10-07,81,Co-op,Controller,Not Mine,18745,https://www.giantbomb.com/a/uploads/scale_small/8/87790/1832161-box_rdead.png,
189,Kirby & the Amazing Mirror,Nintendo Switch,Kirby,Nintendo,2022-03-25,2023-10-11,2023-10-16,80,Co-op,Controller,Nintendo (Digital),83983,https://www.giantbomb.com/a/uploads/scale_small/20/201266/3540550-2797532646-co3vl.jpg,3721
190,F-Zero 99,Nintendo Switch,N/A,Nintendo,2023-09-14,2023-10-14,2023-10-14,82,PVP,Controller,Nintendo (Digital),89841,https://www.giantbomb.com/a/uploads/scale_small/8/87790/3514636-box_fz99.png,266686
191,Mario Kart: Super Circuit,Nintendo Switch,Mario,Nintendo,2001-08-27,2023-10-16,2023-10-16,93,PVP,Controller,Nintendo (Digital),16769,https://www.giantbomb.com/a/uploads/scale_small/8/87790/2261117-box_mksc.png,2343
192,Super Mario Bros: Wonder,Nintendo Switch,Mario,Nintendo,2023-10-20,2023-10-22,2023-11-09,92,N/A,Controller,Nintendo (Physical),89481,https://www.giantbomb.com/a/uploads/scale_small/20/201266/3567513-0352433565-co6nn.png,254339
193,Madden 23,PS4,Madden,Electronic Arts,2022-08-18,2023-11-04,2023-11-04,69,Co-op,Controller,Not Mine,86321,https://www.giantbomb.com/a/uploads/scale_small/0/1992/3378417-8851537254-EAS_M.jpg,203376
194,Risk of Rain Returns,Nintendo Switch,Risk of Rain,"Chucklefish Games, Gearbox Publishing",2023-11-08,2023-11-09,2023-11-14,84,Co-op,Controller,Nintendo (Digital),90118,https://www.giantbomb.com/a/uploads/scale_small/25/253573/3519051-capsule_616x353.jpg,229794
195,Dave the Diver,Nintendo Switch,N/A,Mintrocket,2022-10-27,2023-11-14,2023-12-19,90,N/A,Controller,Nintendo (Digital),87950,https://www.giantbomb.com/a/uploads/scale_small/0/1992/3426344-0367471822-libra.jpg,203722
196,Superliminal,PC,N/A,Pillow Castle Games,2020-07-07,2024-01-14,2024-01-15,74,N/A,Controller,Steam,72742,https://www.giantbomb.com/a/uploads/scale_small/0/1992/3427351-7142600581-libra.jpg,68447
198,Crash Team Racing: Online,PC,Crash Bandicoot,Activision,2019-06-21,2024-06-13,2024-06-14,0,PVP,Controller,Other,71298,https://www.giantbomb.com/a/uploads/scale_small/8/87790/3110188-box_ctrnf.png,
199,Elden Ring: Shadow of the Erdtree,PS4,Elden Ring,Bandai Namco Entertainment,2022-02-25,2024-07-18,2024-08-17,94,Co-op,Controller,Playstation (Physical),73745,https://www.giantbomb.com/a/uploads/scale_small/20/201266/3532465-2909474649-co4jn.jpg,240009
200,The Legend of Zelda: Four Swords Adventures,Nintendo Switch,Legend of Zelda,Nintendo,2004-06-07,2024-08-18,2024-08-18,86,Co-op,Controller,Nintendo (Digital),7856,https://www.giantbomb.com/a/uploads/scale_small/8/82063/2593599-fsaclean.jpg,1034
201,Pikmin 4,Nintendo Switch,Pikmin,Nintendo,2023-07-21,2024-08-21,2024-09-20,87,N/A,Controller,Nintendo (Physical),50791,https://www.giantbomb.com/a/uploads/scale_small/33/338034/3445878-9351378058-1x1_N.jpg,59843
202,Chained Together,PC,N/A,Anegar Games,2024-06-19,2024-09-05,2024-09-06,0,Co-op,Controller,Steam,91513,https://www.giantbomb.com/a/uploads/scale_small/11/110673/3026329-gb_default-16_9.jpg,265111
204,Yokus Island Express,PC,N/A,Team17 Software Limited,2018-05-29,2024-10-03,2024-10-08,83,N/A,Controller,Steam,61116,https://www.giantbomb.com/a/uploads/scale_small/8/87790/3018620-box_yie.png,
205,Europa,PC,N/A,Future Friends Games,2024-10-11,2024-10-25,2024-12-20,74,N/A,Controller,Steam,89326,https://www.giantbomb.com/a/uploads/scale_small/0/1992/3474617-4835179087-libra.jpg,130893
206,Cult of the Lamb,PS4,N/A,Devolver Digital,2022-08-11,2024-11-05,2024-11-16,82,N/A,Controller,Playstation (PS Plus),83764,https://www.giantbomb.com/a/uploads/scale_small/33/338034/3311766-0541836335-libra.jpg,165351
209,Battlefield: V,PC,Battlefield,Electronic Arts,2018-11-15,2024-12-13,2024-12-13,81,PVP,Keyboard & Mouse,Steam,66622,https://www.giantbomb.com/a/uploads/scale_small/8/87790/3023796-box_bf5.png,83728
212,Marvel's Spider-Man: Miles Morales,PS4,"Marvel's Spider-Man, Spider-Man, Marvel","Sony Interactive Entertainment America, PlayStation PC",2020-11-12,2025-02-19,2025-02-27,85,N/A,Controller,Playstation (PS Plus),78950,https://www.giantbomb.com/a/uploads/scale_small/20/201266/3538002-egs_marvelsspidermanmilesmorales_insomniacgamesnixxessoftware_s2_1200x1600-58989e7116de3f70a2ae6ea56ee202c6.jpg,134581
211,Dredge,PS4,,Team17 Software Limited,2023-03-30,2025-02-04,2025-02-12,80,N/A,Controller,Playstation (PS Plus),87185,https://www.giantbomb.com/a/uploads/scale_small/33/338034/3402609-9894082220-libra.jpg,164867
210,Sifu,PC,N/A,"Sloclap, Microiids",2022-02-08,2025-01-12,2025-02-01,81,N/A,Controller,Epic Games,81911,https://www.giantbomb.com/a/uploads/scale_small/33/338034/3345861-0023135362-EGS_SIFUStandardEdition_Sloclap_S4_1200x1600-32aca69d756abfcc25f8581942a6162b.jpg,144022
216,Star Wars Jedi: Survivor,PS4,"Star Wars, Star Wars Jedi","Lucasfilm Games, Electronic Arts",2023-04-28,2025-03-04,2025-04-01,85,N/A,Controller,Playstation (PS Plus),84745,https://www.giantbomb.com/a/uploads/scale_small/20/201266/3535056-4126593291-EGS_STARWARSJediSurvivorStandardEdition_RespawnEntertainment_S2_1200x1600-fd090aecb23a065b29ea101939798edd.jpg,201156
219,Yooka-Laylee and the Impossible Lair,PC,Yooka-Laylee,Team17 Software Limited,2019-10-08,2025-05-06,2025-05-16,82,N/A,Controller,Epic Games,73741,https://www.giantbomb.com/a/uploads/scale_small/8/87790/3124950-box_ylstil.png,119259
217,Prey,PS4,Prey,Bethesda Softworks,2017-05-05,2025-04-07,2025-04-11,79,N/A,Controller,Playstation (PS Plus),54211,https://www.giantbomb.com/a/uploads/scale_small/0/3699/2921872-prey%20%282017%29.jpg,19531
150,Risk of Rain 2,PC,Risk of Rain,Gearbox Publishing,2020-08-11,2021-08-22,2025-12-05,85,Co-op,Controller,Steam,69787,https://www.giantbomb.com/a/uploads/scale_small/8/87790/3124945-box_ror2.png,28512
208,Oh Deer,PC,N/A,Cozy Cabin Studios,2024-06-28,2024-12-10,2025-07-04,0,PVP,Controller,Steam,0,https://shared.fastly.steamstatic.com/store_item_assets/steam/apps/2708450/header.jpg?t=1729223355,285913
203,The Crew 2,PC,The Crew,Ubisoft Entertainment,2018-06-26,2024-09-21,2025-07-25,64,PVP,Controller,Steam,59593,https://www.giantbomb.com/a/uploads/scale_small/8/87790/3016175-box_crew2.png,28856
207,Battlefield: 1,PC,Battlefield,EA Games,2016-10-21,2024-11-22,2026-02-13,88,PVP,Keyboard & Mouse,Steam,48113,https://www.giantbomb.com/a/uploads/scale_small/8/82063/2860787-bf1.jpg,18320
126,Spelunky 2,PC,Spelunky,"Mossmouth, LLC",2020-09-15,2020-09-30,2026-01-07,91,Co-op,Controller,Steam,62377,https://www.giantbomb.com/a/uploads/scale_small/1/13157/3244765-5325809511-co2f6.jpg,75239
218,Split Fiction,PC,,Electronic Arts,2025-03-06,2025-04-07,2025-05-29,91,Co-op,Controller,Steam,92374,https://www.giantbomb.com/a/uploads/scale_small/20/201266/3703881-2913818626-EGS_SplitFiction_HazelightStudiosAB_S2_1200x1600-d626c4ebc51d7b5bacbfd015368b674c.jpg,325594
227,Mario Kart World,Nintendo Switch 2,Mario,Nintendo,2025-06-05,2025-12-27,2026-01-09,86,PVP,Controller,Nintendo (Digital),0,https://www.giantbomb.com/a/uploads/scale_super/20/201266/3747863-c2526ac91cf2dba8f8b1b58935c7597c.jpg,338067
220,Red Dead Redemption II,PC,Red Dead,Rockstar Games,2018-10-26,2025-05-24,2025-08-22,93,N/A,Controller,Steam,56725,https://www.giantbomb.com/a/uploads/scale_small/5/56742/3018545-3469813732-redde.jpg,25076
134,Control,PC,N/A,505 Games,2019-08-27,2021-01-23,2025-08-28,78,N/A,Controller,Microsoft (GamePass),68937,https://www.giantbomb.com/a/uploads/scale_small/20/201266/3531429-6627325944-co2ev.jpg,122313
197,Helldivers II,PC,Helldivers,Sony Interactive Entertainment America,2024-02-08,2024-02-09,2025-07-01,82,Co-op,Controller,Steam,89235,https://www.giantbomb.com/a/uploads/scale_small/33/338034/3471226-7291866793-f1b07.png,250616
223,LEGO Builder’s Journey,PC,LEGO,"Lego Group, The",2019-12-19,2025-09-07,2025-09-11,79,N/A,Keyboard & Mouse,Steam,76480,https://www.giantbomb.com/a/uploads/scale_small/13/135675/3298305-resize.jpeg,127985
221,Star Wars Battlefront II,PC,"Star Wars: Battlefront, Star Wars",Electronic Arts,2017-11-17,2025-07-01,2025-07-07,68,Competitive,Keyboard & Mouse,Steam,53692,https://www.giantbomb.com/a/uploads/scale_small/0/1992/2932265-wario64_2017-apr-15.jpg,26401
224,Mario + Rabbids: Sparks of Hope,Nintendo Switch,"Mario, Rabbids, Mario + Rabbids",Ubisoft Entertainment,2022-10-20,2025-10-07,2025-10-05,85,N/A,Handheld,Nintendo (Digital),82950,https://www.giantbomb.com/a/uploads/scale_small/20/201266/3541575-6036eb2dd22a5b80e5ba2bf6b9b949d6c.jpg,152201
230,Absolum,Nintendo Switch,,Dotemu,2025-10-09,2026-03-28,2026-03-29,87,Co-op,Controller,Nintendo (Digital),0,https://upload.wikimedia.org/wikipedia/en/0/02/Absolum_cover_art.jpg,334239
226,Ratchet & Clank: Rift Apart,PC,Ratchet & Clank,Sony Interactive Entertainment America,2021-06-11,2025-11-09,2025-12-21,88,N/A,Controller,Epic Games,78952,https://www.giantbomb.com/a/uploads/scale_small/20/201266/3534942-2311602482-EGS_RatchetClankRiftApart_InsomniacGames_S2_1200x1600-52110dae5ab01644738dac07ac1ea796.jpg,134582
222,Peak,PC,,"Aggro Crab, Landfall Games",2025-06-16,2025-07-04,2025-10-09,81,Co-op,Controller,Steam,93395,https://www.giantbomb.com/a/uploads/scale_small/0/1992/3755764-1036560968-libra.jpg,349524
57,Overcooked 2,PS4,Overcooked,Team17 Software Limited,2018-08-07,2018-08-10,2026-01-24,81,Co-op,Controller,Not Mine,68948,https://www.giantbomb.com/a/uploads/scale_small/8/87790/3029623-box_oc2.png,103341
229,Pokopia,Nintendo Switch 2,Pokemon,Nintendo,2026-03-05,2026-03-05,2026-04-09,89,N/A,Controller,Nintendo (Digital),0,https://upload.wikimedia.org/wikipedia/en/6/6a/Pok%C3%A9mon_Pokopia_box_art.png,366893
225,Hollow Knight: Silksong,PC,Hollow Knight,Team Cherry,2025-09-04,2025-10-07,2025-11-07,91,N/A,Controller,Steam,72161,https://www.giantbomb.com/a/uploads/scale_small/33/338034/3321285-0312352266-libra.jpg,115289
105,Satisfactory,PC,N/A,Coffee Stain Studios,2019-03-19,2020-05-28,2026-02-28,91,Co-op,Keyboard & Mouse,Epic Games,68951,https://www.giantbomb.com/a/uploads/scale_small/0/7772/3198019-co1i2d.jpg,90558
9,Mario Kart 8,Nintendo Switch,Mario,Nintendo,2014-05-29,2017-10-16,2025-11-21,92,PVP,Controller,Nintendo (Physical),42929,https://www.giantbomb.com/a/uploads/scale_small/20/201266/3541576-4801018091-co213.png,2350
228,Donkey Kong Bananza,Nintendo Switch 2,Donkey Kong,Nintendo,2025-07-17,2026-01-04,2026-02-13,91,N/A,Controller,Nintendo (Physical),0,https://www.giantbomb.com/a/uploads/scale_super/20/201266/3768118-4957055652-hero_.jpg,338106
