game_name,cover_url
Spyro: Reignited Trilogy,https://images.igdb.com/igdb/image/upload/t_cover_big/cobaat.jpg
Dance Central: Spotlight,https://images.igdb.com/igdb/image/upload/t_cover_big/co1ws9.jpg
Helldivers II,https://images.igdb.com/igdb/image/upload/t_cover_big/coabbf.jpg
Moss,https://images.igdb.com/igdb/image/upload/t_cover_big/cobpik.jpg
Lone Echo,https://images.igdb.com/igdb/image/upload/t_cover_big/co2olq.jpg
Echo Arena,
Windjammers 2,https://images.igdb.com/igdb/image/upload/t_cover_big/co2rvy.jpg
Guacamelee 2,https://images.igdb.com/igdb/image/upload/t_cover_big/cob232.jpg
Life is Strange: Before the Storm,https://images.igdb.com/igdb/image/upload/t_cover_big/co1twj.jpg
Warhammer 40,https://images.igdb.com/igdb/image/upload/t_cover_big/co6j5y.jpg
Doom Eternal,https://images.igdb.com/igdb/image/upload/t_cover_big/co3p5n.jpg
Ghost of Tsushima,https://images.igdb.com/igdb/image/upload/t_cover_big/co2crj.jpg
Samurai Gunn 2,https://images.igdb.com/igdb/image/upload/t_cover_big/cobhlv.jpg
Steamworld Dig 2,https://images.igdb.com/igdb/image/upload/t_cover_big/co5byf.jpg
Subnautica,https://images.igdb.com/igdb/image/upload/t_cover_big/co2x8n.jpg
Slime Rancher,https://images.igdb.com/igdb/image/upload/t_cover_big/co73i2.jpg
Overcooked,https://images.igdb.com/igdb/image/upload/t_cover_big/co2g3n.jpg
Overcooked 2,https://images.igdb.com/igdb/image/upload/t_cover_big/co2g3n.jpg
Half Life: Alyx,https://images.igdb.com/igdb/image/upload/t_cover_big/co87vg.jpg
Rogue Legacy 2,https://images.igdb.com/igdb/image/upload/t_cover_big/co4p51.jpg
State of Decay 2,https://images.igdb.com/igdb/image/upload/t_cover_big/co2569.jpg
Ori and the Blind Forest: Definitive Edition,https://images.igdb.com/igdb/image/upload/t_cover_big/co2s0m.jpg
Ori: The Will of the Wisps,https://images.igdb.com/igdb/image/upload/t_cover_big/co2e1l.jpg
Donkey Kong Bananza,https://images.igdb.com/igdb/image/upload/t_cover_big/cobd1q.jpg
Fifa 18,https://images.igdb.com/igdb/image/upload/t_cover_big/co68bu.jpg
FIFA 19,https://images.igdb.com/igdb/image/upload/t_cover_big/co68bt.jpg
FIFA 21,https://images.igdb.com/igdb/image/upload/t_cover_big/co2t8z.jpg
FIFA 22,https://images.igdb.com/igdb/image/upload/t_cover_big/co3dsm.jpg
Driver: San Fransisco,
Cities: Skylines,https://images.igdb.com/igdb/image/upload/t_cover_big/co1yw7.jpg
Halo Infinite,https://images.igdb.com/igdb/image/upload/t_cover_big/co2dto.jpg
Super Smash Bros. Ultimate,https://images.igdb.com/igdb/image/upload/t_cover_big/co2255.jpg
Dying Light,https://images.igdb.com/igdb/image/upload/t_cover_big/co65yq.jpg
Kirby & the Amazing Mirror,https://images.igdb.com/igdb/image/upload/t_cover_big/co1w9u.jpg
Star Wars: Battlefront 2 (Classic,https://images.igdb.com/igdb/image/upload/t_cover_big/cob1g4.jpg
Star Wars Episode I: Racer,https://images.igdb.com/igdb/image/upload/t_cover_big/co3wj7.jpg
Lego Star Wars,https://images.igdb.com/igdb/image/upload/t_cover_big/co7qc9.jpg
Star Wars Jedi: Fallen Order,https://images.igdb.com/igdb/image/upload/t_cover_big/co1rbi.jpg
Star Wars: Squadrons,https://images.igdb.com/igdb/image/upload/t_cover_big/co3wlz.jpg
Battlefront 2,https://images.igdb.com/igdb/image/upload/t_cover_big/cob1g4.jpg
The Escapists 2,https://images.igdb.com/igdb/image/upload/t_cover_big/co2frb.jpg
Pillars of Eternity,https://images.igdb.com/igdb/image/upload/t_cover_big/co8tzg.jpg
Pokemon: Lets Go,https://images.igdb.com/igdb/image/upload/t_cover_big/co1zjz.jpg
Pokemon Shield,https://images.igdb.com/igdb/image/upload/t_cover_big/co1zk1.jpg
Pokemon: Legends Arceus,https://images.igdb.com/igdb/image/upload/t_cover_big/co3d03.jpg
Pokopia,https://images.igdb.com/igdb/image/upload/t_cover_big/cobbur.jpg
Farming Simulator 19,https://images.igdb.com/igdb/image/upload/t_cover_big/co4ami.jpg
Slay the Spire,https://images.igdb.com/igdb/image/upload/t_cover_big/co82c5.jpg
Red Dead Redemption II,https://images.igdb.com/igdb/image/upload/t_cover_big/co1q1f.jpg
Super Mario World,https://images.igdb.com/igdb/image/upload/t_cover_big/co779k.jpg
Super Mario: Odyssey,https://images.igdb.com/igdb/image/upload/t_cover_big/co63jd.jpg
Super Mario Party,https://images.igdb.com/igdb/image/upload/t_cover_big/cobaa9.jpg
Mario Kart 64,https://images.igdb.com/igdb/image/upload/t_cover_big/co67hm.jpg
Mario Party,https://images.igdb.com/igdb/image/upload/t_cover_big/co9p83.jpg
Mario Kart: Super Circuit,https://images.igdb.com/igdb/image/upload/t_cover_big/co7o0u.jpg
Super Mario Bros: Wonder,https://images.igdb.com/igdb/image/upload/t_cover_big/co6nnl.jpg
Mario Kart 8,https://images.igdb.com/igdb/image/upload/t_cover_big/coc17v.jpg
Mario Kart World,https://images.igdb.com/igdb/image/upload/t_cover_big/cob9s9.jpg
Spelunky,https://images.igdb.com/igdb/image/upload/t_cover_big/co47m4.jpg
Spelunky 2,https://images.igdb.com/igdb/image/upload/t_cover_big/co2f66.jpg
Tetris 99,https://images.igdb.com/igdb/image/upload/t_cover_big/co1jaz.jpg
Tetris Effect,https://images.igdb.com/igdb/image/upload/t_cover_big/co2kfy.jpg
Pikmin 4,https://images.igdb.com/igdb/image/upload/t_cover_big/coba9h.jpg
Animal Crossing: New Horizons,https://images.igdb.com/igdb/image/upload/t_cover_big/co3wls.jpg
Crash Bandicoot 4: Its About Time,https://images.igdb.com/igdb/image/upload/t_cover_big/co2hp4.jpg
Crash Team Racing Nitro-Fueled,https://images.igdb.com/igdb/image/upload/t_cover_big/co2p89.jpg
Crash Team Racing: Online,
Legend of Zelda: Breath of the Wild,https://images.igdb.com/igdb/image/upload/t_cover_big/co67oa.jpg
Zelda: Link to the Past,https://images.igdb.com/igdb/image/upload/t_cover_big/co3nsh.jpg
Legend of Zelda: Tears of the Kingdom,https://images.igdb.com/igdb/image/upload/t_cover_big/co5vmg.jpg
The Legend of Zelda: Four Swords Adventures,https://images.igdb.com/igdb/image/upload/t_cover_big/cob9xf.jpg
Cook,https://images.igdb.com/igdb/image/upload/t_cover_big/coaawx.jpg
Cook,https://images.igdb.com/igdb/image/upload/t_cover_big/coaawx.jpg
The Jackbox Party Pack 3,https://images.igdb.com/igdb/image/upload/t_cover_big/co4zen.jpg
God of War,https://images.igdb.com/igdb/image/upload/t_cover_big/cobkt6.jpg
God of War: Ragnarok,https://images.igdb.com/igdb/image/upload/t_cover_big/co92vm.jpg
Wipeout: Omega Collection,https://images.igdb.com/igdb/image/upload/t_cover_big/co2iv6.jpg
Mushroom Wars 2,https://images.igdb.com/igdb/image/upload/t_cover_big/co250e.jpg
Risk of Rain,https://images.igdb.com/igdb/image/upload/t_cover_big/coaavb.jpg
Risk of Rain Returns,https://images.igdb.com/igdb/image/upload/t_cover_big/co5xm2.jpg
Risk of Rain 2,https://images.igdb.com/igdb/image/upload/t_cover_big/coaavb.jpg
Prey,https://images.igdb.com/igdb/image/upload/t_cover_big/co9aoh.jpg
Hellblade: Senuas Sacrifice VR Edition,https://images.igdb.com/igdb/image/upload/t_cover_big/co2l7t.jpg
Forza Horizon 4,https://images.igdb.com/igdb/image/upload/t_cover_big/co2ec1.jpg
Forza Horizon 5,https://images.igdb.com/igdb/image/upload/t_cover_big/co45k9.jpg
Crusader Kings 3,https://images.igdb.com/igdb/image/upload/t_cover_big/co90uu.jpg
Hollow Knight,https://images.igdb.com/igdb/image/upload/t_cover_big/coaes9.jpg
Hollow Knight: Silksong,https://images.igdb.com/igdb/image/upload/t_cover_big/coaob9.jpg
The Crew 2,https://images.igdb.com/igdb/image/upload/t_cover_big/coab5o.jpg
Yooka-Laylee and the Impossible Lair,https://images.igdb.com/igdb/image/upload/t_cover_big/co2z9b.jpg
Hades,https://images.igdb.com/igdb/image/upload/t_cover_big/cob9kr.jpg
Elden Ring,https://images.igdb.com/igdb/image/upload/t_cover_big/co95gk.jpg
Elden Ring: Shadow of the Erdtree,https://images.igdb.com/igdb/image/upload/t_cover_big/co89ko.jpg
Psychonauts,https://images.igdb.com/igdb/image/upload/t_cover_big/cob7ms.jpg
Psychonauts 2,https://images.igdb.com/igdb/image/upload/t_cover_big/cob7mx.jpg
Mario + Rabbids: Sparks of Hope,https://images.igdb.com/igdb/image/upload/t_cover_big/cob89b.jpg
Marvels Spiderman,https://images.igdb.com/igdb/image/upload/t_cover_big/co1r77.jpg
Wargroove,https://images.igdb.com/igdb/image/upload/t_cover_big/co7c43.jpg
Fallout: New Vegas,https://images.igdb.com/igdb/image/upload/t_cover_big/co1u60.jpg
LEGO Builder’s Journey,https://images.igdb.com/igdb/image/upload/t_cover_big/co84pn.jpg
Teenage Mutant Ninja Turtles,https://images.igdb.com/igdb/image/upload/t_cover_big/co9229.jpg
F1 22,https://images.igdb.com/igdb/image/upload/t_cover_big/co4r57.jpg
Ratchet: Gladiator,
Ratchet & Clank: Rift Apart,https://images.igdb.com/igdb/image/upload/t_cover_big/co2str.jpg
Marvel's Spider-Man: Miles Morales,
Tony Hawks Pro Skater 1 & 2,https://images.igdb.com/igdb/image/upload/t_cover_big/co25u7.jpg
Minecraft,https://images.igdb.com/igdb/image/upload/t_cover_big/co8fu7.jpg
Minecraft: Dungeons,https://images.igdb.com/igdb/image/upload/t_cover_big/coc75p.jpg
Call of Duty: Warzone,https://images.igdb.com/igdb/image/upload/t_cover_big/coa8id.jpg
Madden 23,https://images.igdb.com/igdb/image/upload/t_cover_big/co4th3.jpg
Endless Space 2,https://images.igdb.com/igdb/image/upload/t_cover_big/coa52w.jpg
The Last of Us: Part II,https://images.igdb.com/igdb/image/upload/t_cover_big/co5ziw.jpg
The Last of Us,https://images.igdb.com/igdb/image/upload/t_cover_big/co5ziw.jpg
The Last of Us: Left Behind,https://images.igdb.com/igdb/image/upload/t_cover_big/co5xg8.jpg
Super Metroid,https://images.igdb.com/igdb/image/upload/t_cover_big/co9cq8.jpg
Star Wars Jedi: Survivor,https://images.igdb.com/igdb/image/upload/t_cover_big/co5uzk.jpg
Star Wars Battlefront II,https://images.igdb.com/igdb/image/upload/t_cover_big/cob1g4.jpg
Battlefield: 1943,https://images.igdb.com/igdb/image/upload/t_cover_big/co1nv3.jpg
Battlefield: V,https://images.igdb.com/igdb/image/upload/t_cover_big/co1xbv.jpg
Battlefield: 1,https://images.igdb.com/igdb/image/upload/t_cover_big/co3ab9.jpg
Football Manager 2020,https://images.igdb.com/igdb/image/upload/t_cover_big/co20ui.jpg
Soundboxing,https://images.igdb.com/igdb/image/upload/t_cover_big/e1dzdjtujxn1gqfvuobu.jpg
Cuphead,https://images.igdb.com/igdb/image/upload/t_cover_big/co65ip.jpg
VR The Diner Duo,https://images.igdb.com/igdb/image/upload/t_cover_big/xyg8nmkxicbuiv5dtroa.jpg
Fortnite,https://images.igdb.com/igdb/image/upload/t_cover_big/co89n1.jpg
Project CARS,https://images.igdb.com/igdb/image/upload/t_cover_big/co200s.jpg
The Thrill of the Fight,https://images.igdb.com/igdb/image/upload/t_cover_big/co63lk.jpg
Oculus Home,
Robo Recall,https://images.igdb.com/igdb/image/upload/t_cover_big/co27wg.jpg
The Flame in the Flood,https://images.igdb.com/igdb/image/upload/t_cover_big/co23e4.jpg
Gorogoa,https://images.igdb.com/igdb/image/upload/t_cover_big/co3kby.jpg
Drunkn Bar Fight,https://images.igdb.com/igdb/image/upload/t_cover_big/coa1hy.jpg
Dead Hungry,https://images.igdb.com/igdb/image/upload/t_cover_big/co9u9r.jpg
Rec Room,https://images.igdb.com/igdb/image/upload/t_cover_big/coar2c.jpg
Unspoken,https://images.igdb.com/igdb/image/upload/t_cover_big/coad3t.jpg
Hatoful Boyfriend,https://images.igdb.com/igdb/image/upload/t_cover_big/co6dsc.jpg
VRChat,https://images.igdb.com/igdb/image/upload/t_cover_big/cobuhu.jpg
Sprint Vector,https://images.igdb.com/igdb/image/upload/t_cover_big/co1hyf.jpg
A Way Out,https://images.igdb.com/igdb/image/upload/t_cover_big/co2fc6.jpg
Stardew Valley,https://images.igdb.com/igdb/image/upload/t_cover_big/coa93h.jpg
Sea of Thieves,https://images.igdb.com/igdb/image/upload/t_cover_big/coc75e.jpg
Dead Cells,https://images.igdb.com/igdb/image/upload/t_cover_big/coa3hi.jpg
Super Luckeys Tale,
SOMA,https://images.igdb.com/igdb/image/upload/t_cover_big/co2a20.jpg
Beat Saber,https://images.igdb.com/igdb/image/upload/t_cover_big/co20ux.jpg
Sunset Overdrive,https://images.igdb.com/igdb/image/upload/t_cover_big/co20td.jpg
DCS World Steam Edition,
The Awesome Adventures of Captain Spirit,https://images.igdb.com/igdb/image/upload/t_cover_big/cobugo.jpg
The Turing Test,https://images.igdb.com/igdb/image/upload/t_cover_big/co1uya.jpg
Onward,https://images.igdb.com/igdb/image/upload/t_cover_big/co2a4e.jpg
Enter the Gungeon,https://images.igdb.com/igdb/image/upload/t_cover_big/cobl6c.jpg
No Mans Sky,https://images.igdb.com/igdb/image/upload/t_cover_big/co9c2w.jpg
Duck Game,https://images.igdb.com/igdb/image/upload/t_cover_big/co9t4w.jpg
Tricky Towers,https://images.igdb.com/igdb/image/upload/t_cover_big/co1hj7.jpg
Into the Breach,https://images.igdb.com/igdb/image/upload/t_cover_big/co2r95.jpg
Go Guess,https://images.igdb.com/igdb/image/upload/t_cover_big/cobe6g.jpg
Manual Samuel,https://images.igdb.com/igdb/image/upload/t_cover_big/co27lt.jpg
Ryse: Son of Rome,https://images.igdb.com/igdb/image/upload/t_cover_big/co2r7y.jpg
Lego Rock Band,https://images.igdb.com/igdb/image/upload/t_cover_big/co1wpb.jpg
Anthem,https://images.igdb.com/igdb/image/upload/t_cover_big/co2ehk.jpg
Purrfect Date,https://images.igdb.com/igdb/image/upload/t_cover_big/co1u0x.jpg
Oxenfree,https://images.igdb.com/igdb/image/upload/t_cover_big/co2hlq.jpg
Hyper Light Drifter,https://images.igdb.com/igdb/image/upload/t_cover_big/co4dwx.jpg
The Outer Worlds,https://images.igdb.com/igdb/image/upload/t_cover_big/co2eew.jpg
Sekiro: Shadows Die Twice,https://images.igdb.com/igdb/image/upload/t_cover_big/co2a23.jpg
Outer Wilds,https://images.igdb.com/igdb/image/upload/t_cover_big/co65ac.jpg
Abzu,https://images.igdb.com/igdb/image/upload/t_cover_big/co28sy.jpg
What Remains of Edith Finch,https://images.igdb.com/igdb/image/upload/t_cover_big/co1rbj.jpg
Kentucky Route Zero,https://images.igdb.com/igdb/image/upload/t_cover_big/co9dwn.jpg
Steep,https://images.igdb.com/igdb/image/upload/t_cover_big/co2jpb.jpg
Two Point Hospital,https://images.igdb.com/igdb/image/upload/t_cover_big/co5q0n.jpg
Astroneer,https://images.igdb.com/igdb/image/upload/t_cover_big/cobyfe.jpg
Rocket League,https://images.igdb.com/igdb/image/upload/t_cover_big/cobxcp.jpg
Tacoma,https://images.igdb.com/igdb/image/upload/t_cover_big/co2tge.jpg
Carrion,https://images.igdb.com/igdb/image/upload/t_cover_big/co2eau.jpg
Minit,https://images.igdb.com/igdb/image/upload/t_cover_big/co1vcj.jpg
Totally Accurate Battle Simulator,https://images.igdb.com/igdb/image/upload/t_cover_big/co1veb.jpg
Fall Guys,https://images.igdb.com/igdb/image/upload/t_cover_big/co6byb.jpg
Spiritfarer,https://images.igdb.com/igdb/image/upload/t_cover_big/co2fe7.jpg
Microsoft Flight Simulator,https://images.igdb.com/igdb/image/upload/t_cover_big/co8gfq.jpg
Tell Me Why,https://images.igdb.com/igdb/image/upload/t_cover_big/co9clf.jpg
Among Us,https://images.igdb.com/igdb/image/upload/t_cover_big/co1vdk.jpg
Smash Tennis,https://images.igdb.com/igdb/image/upload/t_cover_big/co3sjl.jpg
Totally Reliable Delivery Service,https://images.igdb.com/igdb/image/upload/t_cover_big/coaajx.jpg
Golf with your Friends,https://images.igdb.com/igdb/image/upload/t_cover_big/coaazs.jpg
Umurangi Generation,https://images.igdb.com/igdb/image/upload/t_cover_big/co20f3.jpg
Falconeer,
Donut County,https://images.igdb.com/igdb/image/upload/t_cover_big/co1qv8.jpg
Monster Train,https://images.igdb.com/igdb/image/upload/t_cover_big/co8tqp.jpg
Loop Hero,https://images.igdb.com/igdb/image/upload/t_cover_big/co2mfy.jpg
Super Animal Royale,https://images.igdb.com/igdb/image/upload/t_cover_big/co4dzq.jpg
Celeste,https://images.igdb.com/igdb/image/upload/t_cover_big/cob9dh.jpg
It Takes Two,https://images.igdb.com/igdb/image/upload/t_cover_big/cob22v.jpg
Haven,https://images.igdb.com/igdb/image/upload/t_cover_big/co542m.jpg
Griftlands,https://images.igdb.com/igdb/image/upload/t_cover_big/co2feb.jpg
Ragnarock,https://images.igdb.com/igdb/image/upload/t_cover_big/co38x2.jpg
Descenders,https://images.igdb.com/igdb/image/upload/t_cover_big/co3wkw.jpg
Trigger Witch,https://images.igdb.com/igdb/image/upload/t_cover_big/co3gik.jpg
Sable,
Noita,https://images.igdb.com/igdb/image/upload/t_cover_big/co1qp1.jpg
Nobody Saves the World,https://images.igdb.com/igdb/image/upload/t_cover_big/co2wcz.jpg
The Artful Escape,https://images.igdb.com/igdb/image/upload/t_cover_big/co2e3n.jpg
Bloodborne,https://images.igdb.com/igdb/image/upload/t_cover_big/cob99l.jpg
Dragons Crown,https://images.igdb.com/igdb/image/upload/t_cover_big/co3wc6.jpg
House Flipper,https://images.igdb.com/igdb/image/upload/t_cover_big/co4xdy.jpg
Crab Game,https://images.igdb.com/igdb/image/upload/t_cover_big/co46sr.jpg
Multiversus,https://images.igdb.com/igdb/image/upload/t_cover_big/co7yle.jpg
Chicory: A Colourful Tale,
The Forgotten City,https://images.igdb.com/igdb/image/upload/t_cover_big/co3muu.jpg
Spiderheck,https://images.igdb.com/igdb/image/upload/t_cover_big/co9hya.jpg
Valheim,https://images.igdb.com/igdb/image/upload/t_cover_big/cob24q.jpg
Inscryption,https://images.igdb.com/igdb/image/upload/t_cover_big/co401c.jpg
F-Zero 99,https://images.igdb.com/igdb/image/upload/t_cover_big/co731j.jpg
Dave the Diver,https://images.igdb.com/igdb/image/upload/t_cover_big/coaav7.jpg
Superliminal,https://images.igdb.com/igdb/image/upload/t_cover_big/co1uqz.jpg
Chained Together,https://images.igdb.com/igdb/image/upload/t_cover_big/coaazz.jpg
Yokus Island Express,
Europa,https://images.igdb.com/igdb/image/upload/t_cover_big/coa4p6.jpg
Cult of the Lamb,https://images.igdb.com/igdb/image/upload/t_cover_big/cobbwj.jpg
Dredge,
Sifu,https://images.igdb.com/igdb/image/upload/t_cover_big/co4h5s.jpg
Split Fiction,https://images.igdb.com/igdb/image/upload/t_cover_big/co95gf.jpg
Control,https://images.igdb.com/igdb/image/upload/t_cover_big/cob5pu.jpg
Peak,https://images.igdb.com/igdb/image/upload/t_cover_big/coat49.jpg
Satisfactory,https://images.igdb.com/igdb/image/upload/t_cover_big/co8tfy.jpg
Oh Deer,https://images.igdb.com/igdb/image/upload/t_cover_big/co7v7d.jpg
Absolum,https://images.igdb.com/igdb/image/upload/t_cover_big/coatin.jpg
Hogwarts Legacy,https://images.igdb.com/igdb/image/upload/t_cover_big/coaav6.jpg
Mina the Hollower,https://images.igdb.com/igdb/image/upload/t_cover_big/co4g15.jpg
